;0;1;2;3;4;5;6;7;8;9;10;11;12;13;14;15;16;17;18;19;20;21;22;23;24;25;26;27;28;29
0;Arts & Photography;Biographies & Memoirs;Business & Money;Calendars;Children's Books;Comics & Graphic Novels;Computers & Technology;Cookbooks, Food & Wine;Crafts, Hobbies & Home;Christian Books & Bibles;Engineering & Transportation;Health, Fitness & Dieting;History;Humor & Entertainment;Law;Literature & Fiction;Medical Books;Mystery, Thriller & Suspense;Parenting & Relationships;Politics & Social Sciences;Reference;Religion & Spirituality;Romance;Science & Math;Arts & Photography;Self-Help;Sports & Outdoors;Arts & Photography;Test Preparation;Travel
1;Arts & Photography;Biographies & Memoirs;Business & Money;Calendars;Children's Books;Biographies & Memoirs;Computers & Technology;Cookbooks, Food & Wine;Crafts, Hobbies & Home;Christian Books & Bibles;Engineering & Transportation;Health, Fitness & Dieting;History;Humor & Entertainment;Law;Biographies & Memoirs;Medical Books;Mystery, Thriller & Suspense;Parenting & Relationships;Politics & Social Sciences;Reference;Religion & Spirituality;Biographies & Memoirs;Science & Math;Biographies & Memoirs;Self-Help;Sports & Outdoors;Biographies & Memoirs;Test Preparation;Travel
2;Arts & Photography;Biographies & Memoirs;Business & Money;Calendars;Children's Books;Business & Money;Computers & Technology;Cookbooks, Food & Wine;Crafts, Hobbies & Home;Christian Books & Bibles;Engineering & Transportation;Health, Fitness & Dieting;History;Humor & Entertainment;Law;Literature & Fiction;Medical Books;Mystery, Thriller & Suspense;Parenting & Relationships;Politics & Social Sciences;Reference;Religion & Spirituality;Romance;Science & Math;Business & Money;Self-Help;Sports & Outdoors;Business & Money;Test Preparation;Travel
3;Calendars;Calendars;Calendars;Calendars;Calendars;Calendars;Computers & Technology;Cookbooks, Food & Wine;Calendars;Calendars;Calendars;Calendars;Calendars;Calendars;Calendars;Calendars;Calendars;Calendars;Calendars;Calendars;Calendars;Calendars;Calendars;Calendars;Calendars;Calendars;Calendars;Calendars;Test Preparation;Travel
4;Children's Books;Children's Books;Business & Money;Calendars;Children's Books;Children's Books;Computers & Technology;Cookbooks, Food & Wine;Crafts, Hobbies & Home;Children's Books;Children's Books;Health, Fitness & Dieting;History;Children's Books;Law;Children's Books;Medical Books;Children's Books;Parenting & Relationships;Children's Books;Children's Books;Religion & Spirituality;Children's Books;Science & Math;Children's Books;Self-Help;Sports & Outdoors;Children's Books;Test Preparation;Travel
5;Comics & Graphic Novels;Comics & Graphic Novels;Comics & Graphic Novels;Comics & Graphic Novels;Comics & Graphic Novels;Comics & Graphic Novels;Computers & Technology;Cookbooks, Food & Wine;Comics & Graphic Novels;Comics & Graphic Novels;Comics & Graphic Novels;Comics & Graphic Novels;Comics & Graphic Novels;Comics & Graphic Novels;Comics & Graphic Novels;Comics & Graphic Novels;Comics & Graphic Novels;Comics & Graphic Novels;Comics & Graphic Novels;Comics & Graphic Novels;Comics & Graphic Novels;Comics & Graphic Novels;Comics & Graphic Novels;Comics & Graphic Novels;Comics & Graphic Novels;Comics & Graphic Novels;Comics & Graphic Novels;Comics & Graphic Novels;Test Preparation;Comics & Graphic Novels
6;Computers & Technology;Computers & Technology;Business & Money;Calendars;Computers & Technology;Computers & Technology;Computers & Technology;Cookbooks, Food & Wine;Computers & Technology;Computers & Technology;Computers & Technology;Health, Fitness & Dieting;History;Computers & Technology;Law;Computers & Technology;Medical Books;Computers & Technology;Parenting & Relationships;Computers & Technology;Computers & Technology;Computers & Technology;Computers & Technology;Computers & Technology;Computers & Technology;Self-Help;Computers & Technology;Computers & Technology;Test Preparation;Travel
7;Cookbooks, Food & Wine;Cookbooks, Food & Wine;Cookbooks, Food & Wine;Calendars;Cookbooks, Food & Wine;Cookbooks, Food & Wine;Computers & Technology;Cookbooks, Food & Wine;Cookbooks, Food & Wine;Cookbooks, Food & Wine;Cookbooks, Food & Wine;Cookbooks, Food & Wine;History;Cookbooks, Food & Wine;Law;Cookbooks, Food & Wine;Medical Books;Cookbooks, Food & Wine;Parenting & Relationships;Cookbooks, Food & Wine;Cookbooks, Food & Wine;Cookbooks, Food & Wine;Cookbooks, Food & Wine;Cookbooks, Food & Wine;Cookbooks, Food & Wine;Cookbooks, Food & Wine;Cookbooks, Food & Wine;Cookbooks, Food & Wine;Test Preparation;Travel
8;Crafts, Hobbies & Home;Crafts, Hobbies & Home;Business & Money;Calendars;Crafts, Hobbies & Home;Crafts, Hobbies & Home;Computers & Technology;Cookbooks, Food & Wine;Crafts, Hobbies & Home;Christian Books & Bibles;Engineering & Transportation;Health, Fitness & Dieting;History;Humor & Entertainment;Law;Crafts, Hobbies & Home;Medical Books;Crafts, Hobbies & Home;Parenting & Relationships;Crafts, Hobbies & Home;Reference;Religion & Spirituality;Crafts, Hobbies & Home;Science & Math;Crafts, Hobbies & Home;Self-Help;Sports & Outdoors;Crafts, Hobbies & Home;Test Preparation;Travel
9;Arts & Photography;Biographies & Memoirs;Business & Money;Calendars;Children's Books;Comics & Graphic Novels;Computers & Technology;Cookbooks, Food & Wine;Crafts, Hobbies & Home;Christian Books & Bibles;Engineering & Transportation;Health, Fitness & Dieting;History;Humor & Entertainment;Law;Literature & Fiction;Medical Books;Mystery, Thriller & Suspense;Parenting & Relationships;Politics & Social Sciences;Reference;Religion & Spirituality;Romance;Science & Math;Christian Books & Bibles;Self-Help;Sports & Outdoors;Christian Books & Bibles;Test Preparation;Travel
10;Engineering & Transportation;Engineering & Transportation;Business & Money;Calendars;Engineering & Transportation;Engineering & Transportation;Computers & Technology;Cookbooks, Food & Wine;Crafts, Hobbies & Home;Christian Books & Bibles;Engineering & Transportation;Health, Fitness & Dieting;History;Engineering & Transportation;Law;Engineering & Transportation;Medical Books;Engineering & Transportation;Parenting & Relationships;Engineering & Transportation;Reference;Religion & Spirituality;Engineering & Transportation;Science & Math;Engineering & Transportation;Self-Help;Sports & Outdoors;Engineering & Transportation;Test Preparation;Travel
11;Arts & Photography;Biographies & Memoirs;Business & Money;Calendars;Children's Books;Health, Fitness & Dieting;Computers & Technology;Cookbooks, Food & Wine;Crafts, Hobbies & Home;Christian Books & Bibles;Engineering & Transportation;Health, Fitness & Dieting;History;Humor & Entertainment;Law;Health, Fitness & Dieting;Medical Books;Mystery, Thriller & Suspense;Parenting & Relationships;Politics & Social Sciences;Reference;Religion & Spirituality;Romance;Science & Math;Health, Fitness & Dieting;Self-Help;Sports & Outdoors;Health, Fitness & Dieting;Test Preparation;Travel
12;Arts & Photography;Biographies & Memoirs;Business & Money;Calendars;History;History;Computers & Technology;Cookbooks, Food & Wine;Crafts, Hobbies & Home;Christian Books & Bibles;Engineering & Transportation;Health, Fitness & Dieting;History;Humor & Entertainment;Law;History;Medical Books;History;Parenting & Relationships;Politics & Social Sciences;Reference;Religion & Spirituality;History;Science & Math;History;Self-Help;Sports & Outdoors;History;Test Preparation;Travel
13;Arts & Photography;Biographies & Memoirs;Business & Money;Calendars;Children's Books;Comics & Graphic Novels;Computers & Technology;Cookbooks, Food & Wine;Crafts, Hobbies & Home;Christian Books & Bibles;Engineering & Transportation;Health, Fitness & Dieting;History;Humor & Entertainment;Law;Literature & Fiction;Medical Books;Mystery, Thriller & Suspense;Parenting & Relationships;Politics & Social Sciences;Reference;Religion & Spirituality;Romance;Science & Math;Humor & Entertainment;Self-Help;Sports & Outdoors;Humor & Entertainment;Test Preparation;Travel
14;Arts & Photography;Biographies & Memoirs;Business & Money;Calendars;Children's Books;Law;Computers & Technology;Cookbooks, Food & Wine;Crafts, Hobbies & Home;Christian Books & Bibles;Engineering & Transportation;Health, Fitness & Dieting;History;Humor & Entertainment;Law;Law;Medical Books;Mystery, Thriller & Suspense;Parenting & Relationships;Politics & Social Sciences;Reference;Religion & Spirituality;Law;Science & Math;Law;Self-Help;Sports & Outdoors;Law;Test Preparation;Travel
15;Arts & Photography;Biographies & Memoirs;Business & Money;Calendars;Children's Books;Comics & Graphic Novels;Computers & Technology;Cookbooks, Food & Wine;Crafts, Hobbies & Home;Christian Books & Bibles;Engineering & Transportation;Health, Fitness & Dieting;History;Humor & Entertainment;Law;Literature & Fiction;Medical Books;Mystery, Thriller & Suspense;Parenting & Relationships;Politics & Social Sciences;Reference;Religion & Spirituality;Romance;Science & Math;Literature & Fiction;Self-Help;Sports & Outdoors;Literature & Fiction;Test Preparation;Travel
16;Arts & Photography;Medical Books;Business & Money;Calendars;Medical Books;Medical Books;Computers & Technology;Cookbooks, Food & Wine;Crafts, Hobbies & Home;Christian Books & Bibles;Engineering & Transportation;Health, Fitness & Dieting;History;Humor & Entertainment;Law;Medical Books;Medical Books;Medical Books;Parenting & Relationships;Politics & Social Sciences;Reference;Religion & Spirituality;Medical Books;Science & Math;Medical Books;Self-Help;Sports & Outdoors;Medical Books;Test Preparation;Travel
17;Mystery, Thriller & Suspense;Mystery, Thriller & Suspense;Business & Money;Calendars;Mystery, Thriller & Suspense;Mystery, Thriller & Suspense;Computers & Technology;Cookbooks, Food & Wine;Crafts, Hobbies & Home;Mystery, Thriller & Suspense;Mystery, Thriller & Suspense;Health, Fitness & Dieting;History;Mystery, Thriller & Suspense;Law;Mystery, Thriller & Suspense;Medical Books;Mystery, Thriller & Suspense;Parenting & Relationships;Mystery, Thriller & Suspense;Mystery, Thriller & Suspense;Religion & Spirituality;Mystery, Thriller & Suspense;Science & Math;Mystery, Thriller & Suspense;Self-Help;Sports & Outdoors;Mystery, Thriller & Suspense;Test Preparation;Travel
18;Arts & Photography;Parenting & Relationships;Business & Money;Calendars;Parenting & Relationships;Parenting & Relationships;Computers & Technology;Cookbooks, Food & Wine;Crafts, Hobbies & Home;Christian Books & Bibles;Engineering & Transportation;Health, Fitness & Dieting;History;Humor & Entertainment;Law;Parenting & Relationships;Medical Books;Parenting & Relationships;Parenting & Relationships;Politics & Social Sciences;Reference;Religion & Spirituality;Parenting & Relationships;Science & Math;Parenting & Relationships;Self-Help;Sports & Outdoors;Parenting & Relationships;Test Preparation;Travel
19;Arts & Photography;Biographies & Memoirs;Business & Money;Calendars;Children's Books;Comics & Graphic Novels;Computers & Technology;Cookbooks, Food & Wine;Crafts, Hobbies & Home;Christian Books & Bibles;Engineering & Transportation;Health, Fitness & Dieting;History;Humor & Entertainment;Law;Literature & Fiction;Medical Books;Mystery, Thriller & Suspense;Parenting & Relationships;Politics & Social Sciences;Reference;Religion & Spirituality;Romance;Science & Math;Science Fiction & Fantasy;Self-Help;Sports & Outdoors;Teen & Young Adult;Test Preparation;Travel
20;Arts & Photography;Biographies & Memoirs;Business & Money;Calendars;Children's Books;Reference;Computers & Technology;Cookbooks, Food & Wine;Crafts, Hobbies & Home;Christian Books & Bibles;Engineering & Transportation;Health, Fitness & Dieting;History;Humor & Entertainment;Law;Reference;Medical Books;Mystery, Thriller & Suspense;Parenting & Relationships;Politics & Social Sciences;Reference;Religion & Spirituality;Reference;Science & Math;Reference;Self-Help;Sports & Outdoors;Reference;Test Preparation;Travel
21;Arts & Photography;Biographies & Memoirs;Business & Money;Calendars;Children's Books;Comics & Graphic Novels;Computers & Technology;Cookbooks, Food & Wine;Crafts, Hobbies & Home;Christian Books & Bibles;Engineering & Transportation;Health, Fitness & Dieting;History;Humor & Entertainment;Law;Literature & Fiction;Medical Books;Mystery, Thriller & Suspense;Parenting & Relationships;Politics & Social Sciences;Reference;Religion & Spirituality;Romance;Science & Math;Religion & Spirituality;Self-Help;Sports & Outdoors;Religion & Spirituality;Test Preparation;Travel
22;Romance;Romance;Romance;Calendars;Romance;Romance;Computers & Technology;Cookbooks, Food & Wine;Romance;Romance;Romance;Romance;History;Romance;Law;Romance;Medical Books;Romance;Romance;Romance;Romance;Romance;Romance;Romance;Romance;Romance;Romance;Romance;Test Preparation;Travel
23;Arts & Photography;Biographies & Memoirs;Business & Money;Calendars;Children's Books;Science & Math;Computers & Technology;Cookbooks, Food & Wine;Crafts, Hobbies & Home;Christian Books & Bibles;Engineering & Transportation;Health, Fitness & Dieting;History;Humor & Entertainment;Law;Science & Math;Medical Books;Mystery, Thriller & Suspense;Parenting & Relationships;Politics & Social Sciences;Reference;Religion & Spirituality;Science & Math;Science & Math;Science & Math;Self-Help;Sports & Outdoors;Science & Math;Test Preparation;Travel
24;Science Fiction & Fantasy;Science Fiction & Fantasy;Business & Money;Calendars;Science Fiction & Fantasy;Science Fiction & Fantasy;Computers & Technology;Cookbooks, Food & Wine;Crafts, Hobbies & Home;Science Fiction & Fantasy;Science Fiction & Fantasy;Health, Fitness & Dieting;History;Science Fiction & Fantasy;Law;Science Fiction & Fantasy;Medical Books;Science Fiction & Fantasy;Parenting & Relationships;Science Fiction & Fantasy;Science Fiction & Fantasy;Religion & Spirituality;Science Fiction & Fantasy;Science & Math;Science Fiction & Fantasy;Self-Help;Sports & Outdoors;Science Fiction & Fantasy;Test Preparation;Travel
25;Arts & Photography;Biographies & Memoirs;Business & Money;Calendars;Children's Books;Self-Help;Computers & Technology;Cookbooks, Food & Wine;Crafts, Hobbies & Home;Christian Books & Bibles;Engineering & Transportation;Health, Fitness & Dieting;History;Humor & Entertainment;Law;Self-Help;Medical Books;Mystery, Thriller & Suspense;Parenting & Relationships;Politics & Social Sciences;Reference;Religion & Spirituality;Self-Help;Science & Math;Self-Help;Self-Help;Sports & Outdoors;Self-Help;Test Preparation;Travel
26;Sports & Outdoors;Sports & Outdoors;Business & Money;Calendars;Sports & Outdoors;Sports & Outdoors;Computers & Technology;Cookbooks, Food & Wine;Crafts, Hobbies & Home;Christian Books & Bibles;Engineering & Transportation;Health, Fitness & Dieting;History;Humor & Entertainment;Law;Sports & Outdoors;Medical Books;Sports & Outdoors;Parenting & Relationships;Politics & Social Sciences;Reference;Religion & Spirituality;Sports & Outdoors;Science & Math;Sports & Outdoors;Self-Help;Sports & Outdoors;Sports & Outdoors;Test Preparation;Travel
27;Arts & Photography;Biographies & Memoirs;Business & Money;Calendars;Children's Books;Teen & Young Adult;Computers & Technology;Cookbooks, Food & Wine;Crafts, Hobbies & Home;Christian Books & Bibles;Engineering & Transportation;Health, Fitness & Dieting;History;Humor & Entertainment;Law;Literature & Fiction;Medical Books;Mystery, Thriller & Suspense;Parenting & Relationships;Politics & Social Sciences;Reference;Religion & Spirituality;Romance;Science & Math;Teen & Young Adult;Self-Help;Sports & Outdoors;Teen & Young Adult;Test Preparation;Travel
28;Test Preparation;Test Preparation;Test Preparation;Test Preparation;Test Preparation;Test Preparation;Computers & Technology;Test Preparation;Test Preparation;Test Preparation;Test Preparation;Test Preparation;Test Preparation;Test Preparation;Test Preparation;Test Preparation;Test Preparation;Test Preparation;Test Preparation;Test Preparation;Test Preparation;Test Preparation;Test Preparation;Test Preparation;Test Preparation;Test Preparation;Test Preparation;Test Preparation;Test Preparation;Test Preparation
29;Travel;Travel;Business & Money;Calendars;Travel;Travel;Computers & Technology;Cookbooks, Food & Wine;Crafts, Hobbies & Home;Christian Books & Bibles;Engineering & Transportation;Health, Fitness & Dieting;History;Travel;Law;Travel;Medical Books;Travel;Parenting & Relationships;Travel;Reference;Religion & Spirituality;Travel;Science & Math;Travel;Self-Help;Sports & Outdoors;Travel;Test Preparation;Travel
